id_hc,status_ordem_obra,dt_ordem_obra,tipo_pendencia_obra,status_atividade_obra,dt_atividade_obra
984460|OI#00191585,IN PROGRESS,2022-11-04 08:58:00+00:00,,Em Tramitação,2022-04-11 08:58:05
2492175|OI#00344015,COMPLETED,2022-12-13 18:31:09+00:00,,,
A000077AE|8003H000000OPDUAAS||00522808,COMPLETED,2023-02-22 10:50:49+00:00,,Encerrado,2023-02-24 12:04:32
A000075CV|8003H000000O1RNAAS||00434112,CANCELLED,2022-12-22 09:39:10+00:00,CLIENTE,Em Tramitação,2022-12-23 12:31:04
A00005RH2|8003H000000O81TAAS,COMPLETED,2023-01-03 13:03:33+00:00,,,
A000060CR|0389AXXEL,COMPLETED,2023-01-12 15:12:24+00:00,,,
A00005YMM|TESTE24PARCIAL,COMPLETED,2023-01-10 14:58:52+00:00,,,
A00006WNP|8003H000000OHASAAS,CANCELLED,2023-02-11 13:09:03+00:00,CLIENTE,Em Tramitação,2023-02-14 12:12:41
A00006XEA|8003H000000OIMHAA0,CANCELLED,2023-02-13 06:47:12+00:00,CLIENTE,Em Tramitação,2023-02-14 18:19:59
A00006G5S|8003H000000OVUKAAG,COMPLETED,2023-01-28 12:46:16+00:00,,Encerrado,2023-01-30 09:46:27
A00005QD6|8003H000000O95QAAC,COMPLETED,2023-01-02 16:14:43+00:00,,,
A000074WZ|8003H000000OPPDAA0||00522425,COMPLETED,2023-02-21 20:22:33+00:00,,Encerrado,2023-02-22 16:24:47
A000078BZ|8003H000000OQRDAAS||00525580,COMPLETED,2023-02-23 14:32:41+00:00,,Encerrado,2023-02-25 10:35:37
A00007716|8003H000000ORLXAA0||00526490,COMPLETED,2023-02-23 21:25:22+00:00,,Encerrado,2023-02-24 10:08:59
A000076C2|EQ0000000015336||OS15336-1,COMPLETED,2023-02-23 09:01:44+00:00,,Encerrado,2023-02-23 16:14:37
A000076MK|8003H000000NCTQAAS||00389663,CANCELLED,2022-11-21 20:28:19+00:00,CLIENTE,Em Tramitação,2023-02-23 18:55:25
A000073TB|8003H000000OOTEAA0||00521044,COMPLETED,2023-02-20 13:19:54+00:00,,Encerrado,2023-02-21 16:21:42
A000074EF|EQ0000000014777||OS14777-1,COMPLETED,2023-02-17 16:19:30+00:00,,Encerrado,2023-02-22 11:53:26
A000073ZN|8003H000000ONMYAAC||00520003,COMPLETED,2023-02-18 19:34:09+00:00,,Encerrado,2023-02-21 20:24:37
A00005RK2|8003H000000O9E4AAK,CANCELLED,2023-01-02 17:37:59+00:00,CLIENTE,,
A00005PW3|8003H000000O2QXAA0,COMPLETED,2022-12-26 11:42:17+00:00,CLIENTE,,
A00005JSE|8003H000000O3GCAAS,COMPLETED,2022-12-25 19:21:27+00:00,,,
A000044DF|8003H000000NGZPAAW,COMPLETED,2022-10-24 14:53:31+00:00,,,
A0000599O|202212131169473,COMPLETED,2022-12-13 14:29:46+00:00,,,
A000068M3|8003H000000OPWVAA4,COMPLETED,2023-01-20 12:48:14+00:00,,,
A00006RFB|8003H000000OS5TAAG,CANCELLED,2023-01-24 04:46:25+00:00,CLIENTE,Em Tramitação,2023-01-25 08:48:24
A00003LWP|55240,COMPLETED,2022-09-23 16:42:23+00:00,,,
A000073VV|202302171542225||72898,COMPLETED,2023-02-17 16:33:02+00:00,,Encerrado,2023-02-21 17:36:41
A000075EE|8003H000000OOTBAAC||00521498,CANCELLED,2023-02-21 09:43:36+00:00,CLIENTE,Em Tramitação,2023-02-23 08:58:46
A0000709L|8003H000000OXX9AAO,CANCELLED,2023-01-30 18:22:41+00:00,CLIENTE,Em Tramitação,2023-01-31 13:51:52
A000075G6|EQ0000000015101||OS15101-1,COMPLETED,2023-02-22 10:44:21+00:00,,Encerrado,2023-02-23 09:31:15
A000071AN|EQ0000000014542,COMPLETED,2023-02-16 14:54:44+00:00,,Encerrado,2023-02-17 16:20:16
A00007043|8003H000000ODHLAAK,CANCELLED,2023-02-06 18:25:26+00:00,CLIENTE,Em Tramitação,2023-02-16 14:55:25
A00006WY7|8003H000000OXDMAAW,COMPLETED,2023-02-12 19:13:25+00:00,,Encerrado,2023-02-14 14:41:16
A0000598P|FO1315,COMPLETED,2022-12-13 17:24:07+00:00,,,
A00006TMS|8003H000000OGNLAAS,COMPLETED,2023-02-10 13:02:41+00:00,,Encerrado,2023-11-02 10:28:25
A0000663I|8003H000000OJWSAAW,CANCELLED,2023-01-13 15:50:58+00:00,CLIENTE,,
A000042LU|82106201944,COMPLETED,2022-10-21 10:04:45+00:00,,,
1702115|OI#00468824,COMPLETED,2023-01-16 12:39:19+00:00,,,
A000073RV|4309209000030||72981,COMPLETED,2023-02-17 19:01:31+00:00,,Encerrado,2023-02-21 15:37:45
A000075PG|8003H000000OQFJAA0||00523766,COMPLETED,2023-02-22 19:29:30+00:00,,Encerrado,2023-02-23 11:21:29
A000079B2|8003H000000ORZKAA0||00526869,COMPLETED,2023-02-24 10:08:12+00:00,,Encerrado,2023-02-27 08:25:31
A00006ED9|8003H000000OUZ2AAO,COMPLETED,2023-01-26 16:14:22+00:00,,,
A00003KZV|37958,COMPLETED,2022-10-03 19:28:41+00:00,,,
A000074HL|8003H000000OMWFAAK||00518025,CANCELLED,2023-02-17 17:02:20+00:00,CLIENTE,Em Tramitação,2023-02-22 12:34:08
1561049|OI#00407992,COMPLETED,2022-12-15 11:23:32+00:00,,,
A00004YYZ|202211301101863,COMPLETED,2022-11-30 15:26:55+00:00,,,
A0000550T|956,COMPLETED,2022-12-05 18:17:44+00:00,CLIENTE,,
A00006UR2|8003H000000OXPRAAG,ABORTED,2023-01-31 08:16:27+00:00,CLIENTE,Encerrado,2023-01-31 08:16:33
A00005O4D|8003H000000O6J6AAK,CANCELLED,2022-12-28 15:40:44+00:00,CLIENTE,,
A000044A3|8003H000000NGC6AAG,COMPLETED,2022-10-24 11:02:56+00:00,,,
2555793|OI#00443001,COMPLETED,2022-12-29 13:01:31+00:00,,,
A000078TM|8003H000000ORDMAAS||00527054,COMPLETED,2023-02-24 11:05:06+00:00,,Encerrado,2023-02-25 17:38:06
A000078SR|EQ0000000015726||OS15726-1,COMPLETED,2023-02-24 14:36:45+00:00,,Encerrado,2023-02-25 17:06:43
A00007757|8003H000000OK08AAC||00513374,COMPLETED,2023-02-18 10:06:18+00:00,CLIENTE,Encerrado,2023-02-24 11:01:18
A0000581H|0297AXXEL,COMPLETED,2022-12-12 10:08:11+00:00,,,
A00006UEQ|8003H000000OQTXAAW,CANCELLED,2023-01-22 19:51:25+00:00,CLIENTE,Em Tramitação,2023-01-23 10:17:30
A000059VL|8003H000000NTC0AAC,CANCELLED,2022-12-12 17:49:01+00:00,CLIENTE,,
A000061WF|8003H000000OJ3IAAW,CANCELLED,2023-01-12 17:07:43+00:00,CLIENTE,,
A00004PGJ|8003H000000NAOZAAK,COMPLETED,2022-11-18 10:47:11+00:00,,,
A00006UUZ|8003H000000OIS7AAO,COMPLETED,2023-01-14 10:10:44+00:00,TECNICA,Encerrado,2023-01-28 16:52:08
A0000788I|8003H000000OS8FAAS||00527883,COMPLETED,2023-02-24 18:40:00+00:00,,Encerrado,2023-02-25 09:18:46
A000078XY|8003H000000ORVNAA0||00526787,COMPLETED,2023-02-24 09:15:24+00:00,,Encerrado,2023-02-25 23:04:55
A0000760W|8003H000000OL8SAAS||00515054,COMPLETED,2023-02-20 09:29:25+00:00,,Encerrado,2023-02-23 13:50:14
A000073SY|07142691905M||72672,COMPLETED,2023-02-17 13:17:23+00:00,,Encerrado,2023-02-21 16:12:43
1751597|OI#00484275,COMPLETED,2023-01-25 19:38:54+00:00,,,
A00004H34|8003H000000NKRWAA4,CANCELLED,2022-10-28 12:16:24+00:00,CLIENTE,,
A00005LYQ|8003H000000NXXXAAK,CANCELLED,2022-12-16 15:42:21+00:00,TECNICA,,
A000070RX|8003H000000OKWTAA0,COMPLETED,2023-02-14 21:06:09+00:00,,Encerrado,2023-02-17 09:54:16
A00006Z81|8003H000000OKB1AAK,CANCELLED,2023-02-14 15:50:28+00:00,CLIENTE,Em Tramitação,2023-02-16 09:26:16
A00004D48|8003H000000NFPXAA4,COMPLETED,2022-11-01 13:17:20+00:00,,,
A00003D81|508761,COMPLETED,2022-09-16 19:08:34+00:00,,,
A00003U3S|691892,COMPLETED,2022-10-13 11:00:15+00:00,,,
A000076ZB|8003H000000OH5PAAS||00508605,COMPLETED,2023-02-10 17:25:28+00:00,TECNICA,Encerrado,2023-02-24 09:43:16
A0000747D|8003H000000OOYXAAK||00521167,COMPLETED,2023-02-20 15:30:59+00:00,,Encerrado,2023-02-22 10:23:12
A000077J5|EQ0000000015504||OS15504-1,COMPLETED,2023-02-23 15:30:24+00:00,,Encerrado,2023-02-24 14:31:38
A000075LH|8003H000000OPEEAAK||00522181,COMPLETED,2023-02-21 16:11:32+00:00,,Encerrado,2023-02-23 10:45:02
A00004914|8003H000000NK48AAG,CANCELLED,2022-10-27 18:01:44+00:00,CLIENTE,,
A000071V5|8003H000000OM6MAAC,COMPLETED,2023-02-16 14:56:35+00:00,,Encerrado,2023-02-18 11:56:27
A00006UJI|8003H000000OWAXAAO,CANCELLED,2023-01-28 20:14:05+00:00,CLIENTE,Em Tramitação,2023-01-30 14:23:28
A000064PO|8003H000000OJMTAAO,CANCELLED,2023-01-13 00:16:09+00:00,CLIENTE,,
A000057RU|202212121155533,COMPLETED,2022-12-12 16:47:09+00:00,,,
A00006Z95|EQ0000000014235,COMPLETED,2023-02-15 10:54:22+00:00,,Encerrado,2023-02-16 09:44:33
A00006V16|8003H000000OQJSAAW,COMPLETED,2023-02-12 15:40:40+00:00,,Encerrado,2023-02-13 11:23:36
A000076CB|2436||25144729779,COMPLETED,2023-02-23 10:02:54+00:00,,Encerrado,2023-02-23 16:16:37
A000075N1|8003H000000ONXIAAS||00520264,COMPLETED,2023-02-19 13:09:04+00:00,CLIENTE,Encerrado,2023-02-23 10:59:11
A000072RK|8003H000000OKS2AAK||00514037,CANCELLED,2023-02-14 19:36:30+00:00,CLIENTE,Em Tramitação,2023-02-20 11:57:30
A000065S1|1820,COMPLETED,2023-01-17 17:03:56+00:00,,,
A00005VZT|8003H000000OBKJAA4,CANCELLED,2023-01-04 20:07:51+00:00,CLIENTE,,
A00006I1K|1879,COMPLETED,2023-01-18 17:15:53+00:00,,,
A000070LO|EQ0000000014196,COMPLETED,2023-02-15 09:07:50+00:00,,Encerrado,2023-02-17 10:42:50
A000062MZ|1752,COMPLETED,2023-01-14 12:35:32+00:00,,,
A000078ED|8003H000000NPREAAK||00412764,COMPLETED,2022-12-14 17:10:47+00:00,,Encerrado,2023-02-25 11:13:03
A0000774J|8003H000000OQMCAAC||00525477,COMPLETED,2023-02-23 13:47:34+00:00,,Encerrado,2023-02-24 10:51:43
1831130|OI#00500420,COMPLETED,2023-02-06 11:06:06+00:00,,Encerrado,2023-10-02 17:15:26
2509017|OI#00428461,COMPLETED,2022-12-18 19:23:22+00:00,,,
A000078DZ|8003H000000ORTFAAS||00527480,COMPLETED,2023-02-24 14:49:55+00:00,,Encerrado,2023-02-25 11:07:38
A000070O0|EQ0000000014360,COMPLETED,2023-02-15 16:47:21+00:00,TECNICA,Encerrado,2023-02-17 11:25:28
A00006W3K|09091829,COMPLETED,2023-02-09 08:44:12+00:00,,Encerrado,2023-02-13 21:36:49
A00005RDY|8003H000000O9NLAA0,CANCELLED,2023-01-02 19:52:52+00:00,CLIENTE,,
A000047A6|8003H000000NJOYAAG,COMPLETED,2022-10-27 14:00:32+00:00,,,
A00007141|8003H000000OVQKAAO,COMPLETED,2023-02-15 12:25:48+00:00,,Encerrado,2023-02-17 14:45:12
A00006X4M|8003H000000OVI7AAO,COMPLETED,2023-02-12 16:47:14+00:00,,Encerrado,2023-02-14 15:52:42
A000059A0|356111,COMPLETED,2022-12-13 17:51:47+00:00,,,
A00003VHZ|8003H000000MYCUAAM,CANCELLED,2022-10-05 16:36:38+00:00,CLIENTE,,
A000076ZE|8003H000000OAP3AAK||00496408,COMPLETED,2023-02-02 21:10:36+00:00,,Encerrado,2023-02-24 09:43:47
A000078BG|TESTE37PARCIAL||74358,COMPLETED,2023-02-23 10:33:41+00:00,,Encerrado,2023-02-25 10:22:15
1956291|OI#00528563,COMPLETED,2023-02-25 13:06:24+00:00,,Encerrado,2023-02-27 09:13:16
A000078JD|8003H000000OR1IAAS||00525881,COMPLETED,2023-02-23 16:40:05+00:00,,Encerrado,2023-02-25 12:55:32
A000078X8|8003H000000OQFMAAS||00525172,COMPLETED,2023-02-23 12:02:36+00:00,,Encerrado,2023-02-25 21:08:37
A00006Q99|8003H000000OBTPAAK||00498280,COMPLETED,2023-02-17 15:32:24+00:00,,Encerrado,2023-02-22 14:33:22
A00006TIJ|8003H000000OEAZAAS,COMPLETED,2023-02-08 08:39:25+00:00,TECNICA,Encerrado,2023-11-02 08:36:43
A00004IJJ|0268AXXEL,COMPLETED,2022-11-10 17:54:57+00:00,,,
A00004AKP|8003H000000NIAWAAW,CANCELLED,2022-10-26 10:09:01+00:00,CLIENTE,,
A00006UVG|8003H000000OIORAAG,COMPLETED,2023-01-14 15:15:19+00:00,TECNICA,Encerrado,2023-01-26 11:03:27
A00006ULP|8003H000000OXGXAA4,CANCELLED,2023-01-30 15:17:15+00:00,CLIENTE,Em Tramitação,2023-01-31 10:24:29
A00003XDZ|8003H000000N6ICAAC,CANCELLED,2022-10-11 20:24:25+00:00,CLIENTE,,
A0000788L|8003H000000NZD0AAG||00383777,CANCELLED,2022-11-17 13:25:33+00:00,CLIENTE,Em Tramitação,2023-02-25 09:20:36
A000079BV|8003H000000OSFLAAS||00528662,COMPLETED,2023-02-25 14:14:53+00:00,,Encerrado,2023-02-27 08:45:56
A00007673|8003H000000OPP8AAK||00522423,COMPLETED,2023-02-21 20:20:20+00:00,,Encerrado,2023-02-23 15:09:09
A000079IE|8003H000000OQUNAAK||00524780,COMPLETED,2023-02-23 10:06:08+00:00,,Encerrado,2023-02-24 09:50:41
A000073GI|8003H000000O3HYAAC||00437214,COMPLETED,2022-12-25 21:51:03+00:00,TECNICA,Encerrado,2023-01-27 11:37:16
A000072WD|8003H000000OO3ZAAC||00520424,COMPLETED,2023-02-19 17:55:35+00:00,,Encerrado,2023-02-20 13:53:50
A00006SN6|8003H000000OEA5AAC,COMPLETED,2023-02-08 08:22:05+00:00,,Encerrado,2023-10-02 11:19:25
A000070T5|8003H000000OL05AAC,CANCELLED,2023-02-15 12:47:03+00:00,CLIENTE,Em Tramitação,2023-02-17 11:16:50
A00006SUT|8003H000000NX0ZAAS,COMPLETED,2023-01-11 15:29:29+00:00,TECNICA,Encerrado,2023-11-01 15:29:33
A000074LX|2545||19985448065,COMPLETED,2023-02-21 19:06:33+00:00,,Encerrado,2023-02-22 13:40:15
A000078F6|8003H000000ORXJAA0||00526854,COMPLETED,2023-02-24 09:41:37+00:00,,Encerrado,2023-02-25 11:28:16
A000072OZ|8003H000000OKKIAA0||00513852,COMPLETED,2023-02-14 17:52:10+00:00,CLIENTE,Encerrado,2023-02-20 11:11:48
A0000788F|202302241566185||75515,COMPLETED,2023-02-24 17:53:05+00:00,,Encerrado,2023-02-25 09:14:46
A000077QP|8003H000000ORXNAAK||00526862,COMPLETED,2023-02-24 09:44:58+00:00,,Encerrado,2023-02-24 16:19:09
A000074C2|09098619||72767,COMPLETED,2023-02-17 14:50:55+00:00,,Encerrado,2023-02-22 11:23:34
A000078D0|8003H000000OQ7FAAS||00522838,COMPLETED,2023-02-22 17:13:00+00:00,,Encerrado,2023-02-25 10:51:57
A000076WB|8003H000000OBRWAAC||00498862,COMPLETED,2023-02-04 18:18:38+00:00,TECNICA,Encerrado,2023-02-24 08:59:01
A00004OPH|8003H000000NZXYAAG,COMPLETED,2022-11-17 18:13:06+00:00,,,
A00006VC2|8003H000000OI3EAAC,COMPLETED,2023-02-12 12:15:27+00:00,,Encerrado,2023-02-13 13:46:36
2478324|OI#00416562,COMPLETED,2022-12-15 11:20:41+00:00,,,
2586652|OI#00450857,CANCELLED,2023-01-04 18:18:01+00:00,CLIENTE,,
A000072LA|8003H000000OMVLAAS||00518613,COMPLETED,2023-02-17 13:58:58+00:00,,Encerrado,2023-02-20 09:53:38
A000076CO|EQ0000000015193||OS15193-1,COMPLETED,2023-02-22 13:50:44+00:00,,Encerrado,2023-02-23 16:21:21
A000077IO|EQ0000000015477||OS15477-1,COMPLETED,2023-02-23 14:29:46+00:00,,Encerrado,2023-02-24 14:24:45
A0000679V|8003H000000OORZAA4,CANCELLED,2023-01-18 21:43:37+00:00,CLIENTE,,
A0000716J|8003H000000OLN1AAC,COMPLETED,2023-02-16 10:28:23+00:00,,Encerrado,2023-02-17 15:22:31
A00004IF3|8003H000000NB4RAAG,COMPLETED,2022-10-17 15:42:28+00:00,TECNICA,,
A00006ZFB|8003H000000OVROAA4,CANCELLED,2023-01-27 15:50:43+00:00,CLIENTE,Em Tramitação,2023-01-30 09:32:36
A000079EN|8003H000000OSUBAA0||00528456,COMPLETED,2023-02-25 11:34:05+00:00,,Encerrado,2023-02-27 09:34:12
2283990|OI#00338278,COMPLETED,2022-12-20 08:47:31+00:00,,,
A0000783P|8003H000000OQCJAAK||00523692,COMPLETED,2023-02-22 18:46:22+00:00,,Encerrado,2023-02-24 20:15:17
A00002TY6|3419160519,COMPLETED,2022-08-27 14:51:53+00:00,,,
A00006ZDS|8003H000000OJLNAAS,COMPLETED,2023-02-14 11:08:53+00:00,,Encerrado,2023-02-16 10:47:54
A00006YSO|512745,COMPLETED,2023-02-14 11:07:12+00:00,,Encerrado,2023-02-15 17:30:14
A00006ZR1|25221951,COMPLETED,2023-02-15 10:32:51+00:00,,Encerrado,2023-02-16 13:54:50
A000074B5|2533||89578143472,COMPLETED,2023-02-20 20:51:39+00:00,,Encerrado,2023-02-22 11:15:52
A00006W6M|8003H000000OCD2AAC,CANCELLED,2023-02-10 07:54:52+00:00,CLIENTE,Em Tramitação,2023-02-14 08:27:28
A00005FU7|TESTE13PARCIAL,COMPLETED,2022-12-20 10:05:36+00:00,,,
1559390|OI#00415615,COMPLETED,2022-12-15 11:15:55+00:00,,,
A000073RE|2324||21515049934,COMPLETED,2023-02-05 19:01:52+00:00,CLIENTE,Encerrado,2023-02-21 15:26:49
A000077Q6|8003H000000OJLTAAK||00512285,COMPLETED,2023-02-13 19:28:43+00:00,,Encerrado,2023-02-14 11:29:37
A000076YV|8003H000000OIOVAAC||00511479,COMPLETED,2023-02-13 13:40:02+00:00,TECNICA,Encerrado,2023-02-24 09:37:46
2479744|OI#00417101,COMPLETED,2022-12-15 10:15:29+00:00,,,
A0000765E|8003H000000OKQOAAS||00514649,COMPLETED,2023-02-17 13:46:43+00:00,,Encerrado,2023-02-23 14:46:22
A00007720|8003H000000OQOIAAC||00525508,COMPLETED,2023-02-23 14:07:58+00:00,,Encerrado,2023-02-24 10:19:39
A000075LQ|8003H000000ONTVAAS||00520172,CANCELLED,2023-02-19 10:36:31+00:00,CLIENTE,Em Tramitação,2023-02-23 10:44:48
A00005QKO|8003H000000O3BHAAS,ABORTED,2022-12-25 15:11:56+00:00,CLIENTE,,
A00005RDK|8003H000000O8YQAAS,CANCELLED,2023-01-02 14:49:25+00:00,CLIENTE,,
A00003YF7|8003H000000MBZNAAY,COMPLETED,2022-10-14 21:21:47+00:00,,,
A00006WL2|EQ0000000013861,COMPLETED,2023-02-13 14:04:15+00:00,,Encerrado,2023-02-14 11:47:48
A00004AAL|8003H000000NLMQAAW,COMPLETED,2022-10-31 10:57:26+00:00,,,
A0000789U|EQ0000000015721||OS15721-1,COMPLETED,2023-02-24 14:27:53+00:00,,Encerrado,2023-02-25 09:50:41
A000078WX|8003H000000OO8GAAC||00520590,COMPLETED,2023-02-23 10:24:49+00:00,,Encerrado,2023-02-25 20:44:06
A000072VH|8003H000000OLBAAAS||00515757,CANCELLED,2023-02-15 21:38:21+00:00,CLIENTE,Em Tramitação,2023-02-20 13:34:41
A000076EC|EQ0000000015234||OS15234-1,COMPLETED,2023-02-22 15:15:23+00:00,,Encerrado,2023-02-23 16:39:04
2493587|OI#00405735,ABORTED,2022-12-02 14:07:36+00:00,CLIENTE,,
A000076ZA|8003H000000OO6PAAS||00520498,COMPLETED,2023-02-19 19:55:50+00:00,CLIENTE,Encerrado,2023-02-24 09:42:57
A000077J7|8003H000000OQVYAAC||00525708,COMPLETED,2023-02-23 15:27:20+00:00,,Encerrado,2023-02-24 14:31:49
A000071EE|8003H000000OKFTAAW,CANCELLED,2023-01-14 15:32:42+00:00,CLIENTE,,
A000052XB|8003H000000NNC1AAC,COMPLETED,2022-12-05 16:59:10+00:00,,,
A000066D1|8003H000000OLDZAA4,CANCELLED,2023-01-16 00:17:48+00:00,CLIENTE,,
A00005DJ3|8003H000000NXQKAAC,COMPLETED,2022-12-16 23:30:57+00:00,,,
A000077LI|8003H000000ONQQAAC||00520096,COMPLETED,2023-02-19 07:48:14+00:00,,Encerrado,2023-02-24 14:58:26
A000078AI|8003H000000OS7HAAC||00527903,COMPLETED,2023-02-24 18:50:41+00:00,,Encerrado,2023-02-25 10:05:03
A0000784C|8003H000000OQDBAAS||00525088,COMPLETED,2023-02-23 11:33:51+00:00,,Encerrado,2023-02-24 20:45:57
A000076XH|8003H000000ONAFAAK||00519050,COMPLETED,2023-02-23 20:39:23+00:00,,Encerrado,2023-02-24 09:20:52
A000073S1|0404AXXEL||72552,COMPLETED,2023-02-17 11:05:59+00:00,,Encerrado,2023-02-21 15:40:48
2544260|OI#00434517,COMPLETED,2022-12-27 10:13:30+00:00,,,
A00005UL3|8003H000000ODYSAA4,COMPLETED,2023-01-07 00:19:34+00:00,,,
A00005P3D|8003H000000O7KXAAS,COMPLETED,2022-12-30 14:16:10+00:00,,,
A000061F0|8003H000000NSOKAAS,COMPLETED,2022-12-16 10:06:48+00:00,TECNICA,,
A00006XTX|8003H000000OIHKAAS,COMPLETED,2023-02-13 12:02:21+00:00,,Encerrado,2023-02-15 10:06:08
A0000781B|8003H000000OPBXAAC||00522771,COMPLETED,2023-02-22 10:32:44+00:00,,Encerrado,2023-02-24 19:07:12
A000078H4|8003H000000OQHSAAS||00525304,COMPLETED,2023-02-23 12:30:05+00:00,,Encerrado,2023-02-25 12:08:31
A00007883|EQ0000000015781||OS15781-1,COMPLETED,2023-02-24 17:19:34+00:00,,Encerrado,2023-02-25 09:06:15
A000061L4|8003H000000OF92AAG,COMPLETED,2023-01-11 18:55:55+00:00,CLIENTE,,
A00005V5M|8003H000000NTEXAA0,COMPLETED,2022-12-12 14:00:21+00:00,TECNICA,,
A00006VIO|8003H000000ODMYAAC,COMPLETED,2023-02-07 11:19:53+00:00,,Encerrado,2023-02-13 15:05:33
A00003YLT|4085,COMPLETED,2022-10-18 10:46:35+00:00,,,
A000079FN|8003H000000OSLCAAC||00528823,COMPLETED,2023-02-25 16:26:52+00:00,,Encerrado,2023-02-27 09:46:13
A000077C7|0407AXXEL||74449,COMPLETED,2023-02-23 11:44:20+00:00,,Encerrado,2023-02-24 12:31:59
A0000763B|8003H000000OMGVAAS||00518291,COMPLETED,2023-02-17 10:47:32+00:00,,Encerrado,2023-02-23 14:23:37
A00005UKS|8003H000000ODGEAA4,COMPLETED,2023-01-06 17:02:43+00:00,,,
A00003F3Y|48689,COMPLETED,2022-09-13 11:22:54+00:00,TECNICA,,
A00001T4P|36584869,COMPLETED,2022-06-14 15:20:41+00:00,,,
A00003BYM|50399,COMPLETED,2022-09-19 18:50:25+00:00,,,
A00002WKB|3730970009,COMPLETED,2022-09-01 16:46:01+00:00,,,
A00002CSR|1383525741,COMPLETED,2022-08-01 20:16:44+00:00,,,
A00003CVS|55719,COMPLETED,2022-09-22 13:26:50+00:00,,,
A000065P1|137292,COMPLETED,2023-01-17 11:58:59+00:00,,,
A00004UIB|202211251075202,COMPLETED,2022-11-25 14:29:36+00:00,,,
A00002ILR|EQ0000000001085,COMPLETED,2022-08-09 09:51:04+00:00,,,
A00004PU0|41907,COMPLETED,2022-09-05 15:06:57+00:00,,,
A00004YY2|349566271,COMPLETED,2022-11-30 17:25:57+00:00,,,
A00002EEL|1411526089,COMPLETED,2022-08-02 12:08:25+00:00,,,
A000029BP|1035219602,COMPLETED,2022-07-25 17:02:27+00:00,,,
A00003FFT|4546587228,COMPLETED,2022-09-21 18:47:03+00:00,,,
A000038II|51003,COMPLETED,2022-09-15 16:24:57+00:00,,,
A000021YO|8003H000000LOSWAA2,COMPLETED,2022-06-26 19:52:47+00:00,TECNICA,,
A000045RU|8003H000000NBKTAAW,COMPLETED,2022-10-18 10:48:12+00:00,CLIENTE,,
A00004L72|22990§302080,COMPLETED,2022-11-16 11:05:51+00:00,,,
A00002OH7|08968491,COMPLETED,2022-08-24 08:52:08+00:00,,,
A00003I8F|8003H000000MRUUAAM,COMPLETED,2022-09-27 16:15:30+00:00,,,
A00003T3O|73869173553,COMPLETED,2022-10-11 22:09:37+00:00,,,
A00004MPB|23007||327782,COMPLETED,2023-01-23 12:56:29+00:00,,,
A00004428|8003H000000NCO3AAO,CANCELLED,2022-10-18 18:06:46+00:00,CLIENTE,,
A000045YF|3169065,COMPLETED,2022-10-26 10:04:47+00:00,,,
A000065MW|25004§326578,COMPLETED,2023-01-19 12:57:20+00:00,,,
A000046YJ|22434§293796§1409084,COMPLETED,2022-10-27 16:52:04+00:00,,,
A00006ORV|8003H000000OCPWAAC,COMPLETED,2023-02-06 13:24:11+00:00,,Encerrado,2023-07-02 11:34:44
A00003VK5|8003H000000MXFMAAU,CANCELLED,2022-10-05 09:20:46+00:00,CLIENTE,,
A00003CVR|08982837,COMPLETED,2022-09-23 17:18:56+00:00,,,
A00006ES0|8003H000000OU3LAAW,COMPLETED,2023-01-26 08:37:07+00:00,,,
A00003S91|8003H000000N6KJAAS,COMPLETED,2022-10-11 20:55:59+00:00,,,
A00003B2V|8003H000000MLFLAAM,COMPLETED,2022-09-20 14:26:03+00:00,,,
A00006S7Z|8003H000000OZZOAAG,CANCELLED,2023-02-02 14:44:43+00:00,CLIENTE,Em Tramitação,2023-09-02 19:39:01
A00005Z4A|8003H000000OBGUAAW,CANCELLED,2023-01-05 10:55:54+00:00,CLIENTE,,
A00005T4Y|202301051322794,COMPLETED,2023-01-05 18:37:36+00:00,,,
A000062EI|8003H000000OJD8AAO,COMPLETED,2023-01-12 19:28:10+00:00,CLIENTE,,
A00005CLR|8003H000000NXJCAA0,COMPLETED,2022-12-16 11:39:50+00:00,,,
A00006ZX1|8003H000000OLBZAAS,COMPLETED,2023-02-15 21:48:48+00:00,,Encerrado,2023-02-16 16:19:25
A00002OGZ|8003H000000LWSNAAA,COMPLETED,2022-08-19 17:25:51+00:00,,,
A00005FGZ|8003H000000NYKJAAS,CANCELLED,2022-12-18 20:56:57+00:00,CLIENTE,,
A00002HJV|08046626651,COMPLETED,2022-08-12 14:51:56+00:00,,,
A00005E25|8003H000000NVHIAAK,CANCELLED,2022-12-14 10:36:45+00:00,CLIENTE,,
A000049A4|8003H000000NIOBAA4,COMPLETED,2022-10-25 20:28:08+00:00,,,
A00003V9V|8003H000000N9MFAA0,COMPLETED,2022-10-14 23:33:55+00:00,,,
A00005DZA|FO1383,COMPLETED,2022-12-15 17:20:38+00:00,,,
A00003SG9|8003H000000MZSKAA2,COMPLETED,2022-10-07 09:25:25+00:00,,,
A00006V2M|138973,COMPLETED,2023-02-07 19:31:43+00:00,,Encerrado,2023-08-02 11:25:16
A00002J2W|8003H000000LKRAAAI,COMPLETED,2022-08-02 08:11:59+00:00,TECNICA,,
A00003YL0|8003H000000NACVAA4,COMPLETED,2022-10-16 16:07:30+00:00,CLIENTE,,
A00003YFG|8003H000000NBKSAAG,COMPLETED,2022-10-18 10:51:57+00:00,,,
A00005SKM|8003H000000NXYPAAS,COMPLETED,2022-12-17 10:51:52+00:00,TECNICA,,
A00004QRU|132707,COMPLETED,2022-11-14 13:24:03+00:00,,,
A000033RX|8003H000000M8J9AAA,COMPLETED,2022-09-05 17:56:43+00:00,,,
A000030OP|8003H000000M6W8AAI,COMPLETED,2022-09-02 18:36:53+00:00,,,
A00006WUH|8003H000000OHTKAAS,CANCELLED,2023-02-11 21:58:16+00:00,CLIENTE,Em Tramitação,2023-02-14 13:48:44
A00002JAT|2253037452,COMPLETED,2022-08-13 20:32:46+00:00,,,
A00006UVK|8003H000000OGESAAC,CANCELLED,2023-02-10 10:58:47+00:00,CLIENTE,Em Tramitação,2023-02-13 10:00:40
A00006AT6|0394AXXEL,COMPLETED,2023-01-23 09:18:25+00:00,,,
A00004TW0|09035405,COMPLETED,2022-11-24 14:48:35+00:00,,,
A00003BKC|8003H000000MHFUAAE,COMPLETED,2022-09-15 16:02:52+00:00,,,
A00002H8H|8003H000000LPIBAAA,COMPLETED,2022-08-09 16:31:52+00:00,,,
A00003YG4|8003H000000NCDFAA4,COMPLETED,2022-10-18 15:36:23+00:00,,,
A00003OKM|23397,COMPLETED,2022-10-05 09:19:40+00:00,,,
A00002SJP|8003H000000LVTCAA2,COMPLETED,2022-07-10 20:20:05+00:00,CLIENTE,,
A00005TG8|8003H000000OBU4AAO,COMPLETED,2023-01-05 08:06:57+00:00,,,
A000049I7|8003H000000NHV4AAG,COMPLETED,2022-10-25 14:07:26+00:00,TECNICA,,
A0000306J|39087,COMPLETED,2022-09-02 16:48:18+00:00,,,
A00006TQ7|8003H000000OG4UAAC,CANCELLED,2023-02-09 15:53:32+00:00,CLIENTE,Em Tramitação,2023-11-02 11:33:31
A0000572O|8003H000000NSSIAAK,COMPLETED,2022-12-11 09:21:56+00:00,,,
A00004J2E|8003H000000NUNQAAO,COMPLETED,2022-11-10 10:50:43+00:00,,,
A0000609R|8003H000000OHGDAAW,CANCELLED,2023-01-11 13:19:23+00:00,CLIENTE,,
A00006GH5|8003H000000OVVXAAG,COMPLETED,2023-01-28 13:02:22+00:00,,Encerrado,2023-01-30 12:01:57
A00006WKL|8003H000000OJ0LAAC,COMPLETED,2023-02-13 15:20:31+00:00,,Encerrado,2023-02-14 11:43:03
A00003NIM|8003H000000MNBZAAU,CANCELLED,2022-09-22 20:15:48+00:00,CLIENTE,,
A00005SA0|8003H000000OAVGAA4,CANCELLED,2023-01-03 23:23:29+00:00,CLIENTE,,
A0000418T|77329201458,COMPLETED,2022-10-20 19:17:29+00:00,,,
A00003JEL|8003H000000MJVQAAU,COMPLETED,2022-09-19 11:06:22+00:00,CLIENTE,,
A00003M30|8003H000000MSD4AAE,CANCELLED,2022-09-28 17:19:57+00:00,CLIENTE,,
A00003N89|8003H000000MW0SAAU,COMPLETED,2022-10-03 15:44:49+00:00,CLIENTE,,
A00002GD8|8003H000000LFOVAAI,COMPLETED,2022-07-25 16:14:50+00:00,TECNICA,,
A00003XOJ|8003H000000N7OCAAS,COMPLETED,2022-10-13 12:34:07+00:00,,,
A00005OAE|8003H000000O4X6AAK,CANCELLED,2022-12-26 17:09:09+00:00,CLIENTE,,
A00004EG5|8003H000000NPWGAAG,COMPLETED,2022-11-05 11:43:14+00:00,,,
A00003CL4|8003H000000MLMXAA2,COMPLETED,2022-09-20 15:50:08+00:00,,,
A00003ATW|8003H000000MJDSAAM,COMPLETED,2022-09-17 20:00:43+00:00,,,
A000045HB|8003H000000MTJKAA2,COMPLETED,2022-09-29 13:30:22+00:00,,,
A00003BFS|8003H000000MGTOAA2,COMPLETED,2022-09-14 13:16:08+00:00,CLIENTE,,
A00006FA7|MARCELO12569,COMPLETED,2023-01-27 11:01:18+00:00,,Encerrado,2023-01-28 10:36:35
A00006W6U|8003H000000OFJNAAS,COMPLETED,2023-02-11 16:30:30+00:00,,Encerrado,2023-02-14 08:32:47
A00005OXJ|8003H000000O6XGAAS,COMPLETED,2022-12-29 13:16:14+00:00,,,
A00005MRD|8003H000000O56PAAC,CANCELLED,2022-12-27 11:21:54+00:00,CLIENTE,,
A00005W7V|3878,COMPLETED,2022-08-08 15:34:14+00:00,,,
A00003R7Q|8003H000000MBGNAAA,COMPLETED,2022-10-10 14:10:52+00:00,,,
A00004EH8|53151,COMPLETED,2022-11-04 14:41:14+00:00,,,
A000036OO|8003H000000MH03AAE,COMPLETED,2022-09-14 21:02:24+00:00,,,
A00004O0L|8003H000000NZ4ZAAW,CANCELLED,2022-11-16 17:51:04+00:00,CLIENTE,,
A000031KU|46606,COMPLETED,2022-09-10 13:19:17+00:00,,,
A000035IN|4453284331,COMPLETED,2022-09-08 08:28:03+00:00,,,
A00006NRW|8003H000000OBMEAAK,CANCELLED,2023-02-03 23:54:42+00:00,CLIENTE,Em Tramitação,2023-06-02 15:04:35
A00006J9F|8003H000000OWMIAAW,COMPLETED,2023-01-30 09:48:08+00:00,,Encerrado,2023-01-31 08:53:59
A000063JI|8003H000000OKJAAAW,COMPLETED,2023-01-14 17:52:13+00:00,,,
A000040G7|8003H000000NAQWAAO,CANCELLED,2022-10-17 08:10:51+00:00,CLIENTE,,
A00002BC6|8003H000000LJH8AAA,COMPLETED,2022-08-01 11:00:22+00:00,,,
A00002XJO|8003H000000M5H0AAA,COMPLETED,2022-09-01 19:47:55+00:00,,,
A000042QI|82424203113,COMPLETED,2022-10-21 14:12:16+00:00,,,
A00004T7S|8003H000000NCWWAA0,CANCELLED,2022-11-21 15:18:29+00:00,CLIENTE,,
A00006UVQ|8003H000000OGJIAAC,COMPLETED,2023-02-10 12:07:30+00:00,,Encerrado,2023-02-13 10:04:41
A00005QK0|8003H000000O3SRAAC,CANCELLED,2022-12-26 09:54:43+00:00,CLIENTE,,
A00006WD7|8003H000000OIE6AAC,COMPLETED,2023-02-13 11:36:35+00:00,,Encerrado,2023-02-14 10:21:29
A00004U81|0283AXXEL,COMPLETED,2022-11-25 15:47:19+00:00,,,
A00003KD9|8003H000000MVESAAM,COMPLETED,2022-10-02 16:58:11+00:00,,,
A00003CXL|8003H000000MGFKAAU,COMPLETED,2022-09-14 15:44:24+00:00,,,
A00004S60|8003H000000NDZMAA0,COMPLETED,2022-11-22 15:07:49+00:00,,,
A00005DCM|8003H000000NYFVAA0,COMPLETED,2022-12-17 18:13:49+00:00,,,
A00002HLX|8003H000000LR6YAAA,COMPLETED,2022-08-11 13:19:06+00:00,,,
A00005C9I|8003H000000NW5IAAC,CANCELLED,2022-12-14 22:18:29+00:00,CLIENTE,,
A00003X58|8003H000000MAEQAAA,COMPLETED,2022-10-08 20:48:22+00:00,CLIENTE,,
A00006SHK|8003H000000OGGLAAK,COMPLETED,2023-02-09 18:26:29+00:00,,Encerrado,2023-10-02 09:56:11
A00006HUP|130144927476596,COMPLETED,2023-01-30 15:54:36+00:00,,Encerrado,2023-01-31 13:22:34
A00005OM4|8003H000000O3FOAAS,CANCELLED,2022-12-25 18:38:06+00:00,CLIENTE,,
A00002TT9|2996455022,COMPLETED,2022-08-24 16:03:14+00:00,,,
A00005XYV|8003H000000OFRYAAW,COMPLETED,2023-01-09 18:13:58+00:00,,,
A0000380W|8003H000000MFKSAAE,COMPLETED,2022-09-13 16:44:52+00:00,,,
A00005QHS|8003H000000O7WNAAC,CANCELLED,2022-12-30 19:32:28+00:00,CLIENTE,,
A0000657C|0392AXXEL,COMPLETED,2023-01-17 09:50:56+00:00,,,
A00004FBJ|8003H000000NRM6AAO,COMPLETED,2022-11-07 14:35:22+00:00,,,
A00005KA4|8003H000000O1RRAAC,CANCELLED,2022-12-22 09:43:06+00:00,CLIENTE,,
A00004GJI|8003H000000NS8JAAG,COMPLETED,2022-11-08 09:59:17+00:00,,,
A00003IN4|8003H000000MQU5AAM,CANCELLED,2022-09-26 17:46:33+00:00,CLIENTE,,
A00005D8O|8003H000000NX8EAAS,COMPLETED,2022-12-16 08:40:28+00:00,,,
A00005NW7|8003H000000O6CFAA0,CANCELLED,2022-12-28 13:47:16+00:00,CLIENTE,,
A000065KD|8003H000000OCSGAAG,CANCELLED,2023-01-06 12:34:59+00:00,CLIENTE,,
A000069KL|8003H000000OQVZAA4,COMPLETED,2023-01-21 19:50:03+00:00,,,
A00003YPE|8003H000000N9KJAA0,COMPLETED,2022-10-14 22:31:09+00:00,,,
A000063XK|1775,COMPLETED,2023-01-16 15:41:37+00:00,,,
A00003VG8|8003H000000MWI2AAM,CANCELLED,2022-10-03 19:20:54+00:00,CLIENTE,,
A00004IDE|8003H000000NTHDAA4,COMPLETED,2022-11-09 09:42:06+00:00,,,
A00006WRX|8003H000000OJ8KAAC,COMPLETED,2023-02-13 16:45:07+00:00,,Encerrado,2023-02-14 13:18:20
A00005LR6|8003H000000O59AAAS,COMPLETED,2022-12-27 11:36:39+00:00,,,
A00003B5E|8003H000000M6VEAAI,COMPLETED,2022-09-02 18:23:28+00:00,,,
A00003R1Q|8003H000000MYW6AAM,COMPLETED,2022-10-05 22:02:06+00:00,,,
A00003JZQ|63465,COMPLETED,2022-09-29 19:58:46+00:00,,,
A00004OPA|8003H000000NAIDAA0,COMPLETED,2022-11-18 09:18:35+00:00,,,
